<application>
  <component name="FindSettings">
    <option name="customScope" value="Project and Libraries" />
    <option name="defaultScopeName" value="Project and Libraries" />
    <option name="SEARCH_SCOPE" value="Project and Libraries" />
    <mask>*.css</mask>
    <mask>*.html</mask>
    <mask>*.xml</mask>
    <mask>*.ru</mask>
    <mask>*.gemspec</mask>
    <mask>*.jbuilder</mask>
    <mask>*.thor</mask>
    <mask>*.rake</mask>
    <mask>*.rbw</mask>
    <mask>*.rbi</mask>
    <mask>*test</mask>
    <mask>*html*</mask>
    <mask>*controller*</mask>
    <mask>*amp*</mask>
    <mask>*.rb</mask>
    <mask>*spec.rb</mask>
    <mask>*yml</mask>
    <mask>*spec*</mask>
    <mask>*serializer*</mask>
    <mask>*.haml</mask>
    <mask>*.js</mask>
    <mask>*haml</mask>
    <mask>*sass</mask>
    <mask>*json</mask>
    <mask>*css</mask>
    <mask>*.sass</mask>
    <mask>*store.ts</mask>
    <mask>*controller.ts</mask>
    <mask>*.py</mask>
    <mask>*.md</mask>
    <mask>*.ts*</mask>
    <mask>*devme*</mask>
    <mask>*ts</mask>
    <mask>*.ts</mask>
    <mask>use*ts</mask>
    <mask>*tsx</mask>
    <mask>*.json</mask>
    <mask>*.tsx</mask>
  </component>
</application>