<keymap version="1" name="Mac OS X copy1" parent="Mac OS X">
  <action id="ActivateBigDataToolWindowToolWindow">
    <keyboard-shortcut first-keystroke="shift ctrl meta b" />
  </action>
  <action id="ActivateBookmarksToolWindow" />
  <action id="ActivateCommitToolWindow">
    <keyboard-shortcut first-keystroke="meta 9" />
  </action>
  <action id="ActivateGitHubCopilotChatToolWindow">
    <keyboard-shortcut first-keystroke="meta 2" />
  </action>
  <action id="ActivateServicesToolWindow" />
  <action id="ActivateTerminalToolWindow">
    <keyboard-shortcut first-keystroke="alt f12" />
    <keyboard-shortcut first-keystroke="meta 8" />
  </action>
  <action id="ActivateVersionControlToolWindow" />
  <action id="Arrangement.Alias.Rule.Add">
    <keyboard-shortcut first-keystroke="ctrl enter" />
  </action>
  <action id="Arrangement.Rule.Add">
    <keyboard-shortcut first-keystroke="ctrl enter" />
  </action>
  <action id="Back">
    <keyboard-shortcut first-keystroke="meta alt left" />
    <mouse-shortcut keystroke="button4" />
    <keyboard-shortcut first-keystroke="ctrl o" />
  </action>
  <action id="CloseAllEditorsButActive">
    <keyboard-shortcut first-keystroke="shift meta w" />
  </action>
  <action id="CloseContent">
    <keyboard-shortcut first-keystroke="meta f4" />
    <keyboard-shortcut first-keystroke="meta w" />
  </action>
  <action id="CopyContentRootPath">
    <keyboard-shortcut first-keystroke="shift meta c" />
  </action>
  <action id="CopyPaths" />
  <action id="CopyReferencePopup">
    <keyboard-shortcut first-keystroke="shift meta c" />
  </action>
  <action id="DatabaseView.CopyDdlAction">
    <keyboard-shortcut first-keystroke="shift meta alt g" />
  </action>
  <action id="DuplicatesForm.SendToRight" />
  <action id="EditorCodeBlockEnd" />
  <action id="EditorCodeBlockEndWithSelection" />
  <action id="EditorCodeBlockStart" />
  <action id="EditorCodeBlockStartWithSelection" />
  <action id="EditorSelectWord">
    <keyboard-shortcut first-keystroke="ctrl w" />
  </action>
  <action id="EditorUnSelectWord" />
  <action id="ExportToTextFile" />
  <action id="FileChooser.GotoProject" />
  <action id="Forward">
    <keyboard-shortcut first-keystroke="meta alt right" />
    <mouse-shortcut keystroke="button5" />
    <keyboard-shortcut first-keystroke="ctrl i" />
  </action>
  <action id="Generate">
    <keyboard-shortcut first-keystroke="ctrl enter" />
  </action>
  <action id="MoveTabRight">
    <keyboard-shortcut first-keystroke="meta s" second-keystroke="l" />
  </action>
  <action id="NewFile">
    <keyboard-shortcut first-keystroke="ctrl n" />
  </action>
  <action id="NextProjectWindow" />
  <action id="NextSplitter">
    <keyboard-shortcut first-keystroke="ctrl b" second-keystroke="l" />
  </action>
  <action id="NextTab">
    <keyboard-shortcut first-keystroke="alt l" />
    <keyboard-shortcut first-keystroke="meta close_bracket" />
  </action>
  <action id="NotebookRunCellAction">
    <keyboard-shortcut first-keystroke="ctrl enter" />
    <keyboard-shortcut first-keystroke="meta enter" />
  </action>
  <action id="OverrideMethods" />
  <action id="PrevSplitter">
    <keyboard-shortcut first-keystroke="shift alt tab" />
    <keyboard-shortcut first-keystroke="ctrl b" second-keystroke="h" />
  </action>
  <action id="PreviousTab">
    <keyboard-shortcut first-keystroke="alt h" />
    <keyboard-shortcut first-keystroke="meta open_bracket" />
  </action>
  <action id="ReformatCode">
    <keyboard-shortcut first-keystroke="meta alt l" />
    <keyboard-shortcut first-keystroke="shift meta r" />
  </action>
  <action id="SaveAll" />
  <action id="ServiceView.AddService">
    <keyboard-shortcut first-keystroke="ctrl enter" />
  </action>
  <action id="Terminal.SwitchFocusToEditor">
    <keyboard-shortcut first-keystroke="meta 0" />
  </action>
  <action id="Uml.NewElement">
    <keyboard-shortcut first-keystroke="ctrl enter" />
  </action>
  <action id="Vcs.Log.FocusTextFilter" />
  <action id="copilot.cycleNextInlays">
    <keyboard-shortcut first-keystroke="alt close_bracket" />
    <keyboard-shortcut first-keystroke="meta alt close_bracket" />
  </action>
  <action id="copilot.disposeInlays" />
</keymap>