<application>
  <component name="libraryTable">
    <library name="bigdecimal (v1.3.4, rbenv: 2.5.5) [gem]" type="rubylib">
      <properties>
        <option name="version" value="4" />
      </properties>
      <CLASSES />
      <SOURCES />
    </library>
    <library name="bundler (v2.0.1, rbenv: 2.5.5) [gem]" type="rubylib">
      <properties>
        <option name="version" value="4" />
      </properties>
      <CLASSES>
        <root url="file://$USER_HOME$/.gem/ruby/2.5.0/gems/bundler-2.0.1/exe" />
        <root url="file://$USER_HOME$/.gem/ruby/2.5.0/gems/bundler-2.0.1/lib" />
        <root url="file://$USER_HOME$/.gem/ruby/2.5.0/gems/bundler-2.0.1/man" />
      </CLASSES>
      <SOURCES>
        <root url="file://$USER_HOME$/.gem/ruby/2.5.0/gems/bundler-2.0.1/exe" />
        <root url="file://$USER_HOME$/.gem/ruby/2.5.0/gems/bundler-2.0.1/lib" />
        <root url="file://$USER_HOME$/.gem/ruby/2.5.0/gems/bundler-2.0.1/man" />
      </SOURCES>
      <excluded>
        <root url="file://$USER_HOME$/.gem/ruby/2.5.0/gems/bundler-2.0.1/exe" />
        <root url="file://$USER_HOME$/.gem/ruby/2.5.0/gems/bundler-2.0.1/man" />
      </excluded>
    </library>
    <library name="bundler (v2.0.2, rbenv: 2.5.5) [gem]" type="rubylib">
      <properties>
        <option name="version" value="4" />
      </properties>
      <CLASSES>
        <root url="file://$USER_HOME$/.rbenv/versions/2.5.5/lib/ruby/gems/2.5.0/gems/bundler-2.0.2/exe" />
        <root url="file://$USER_HOME$/.rbenv/versions/2.5.5/lib/ruby/gems/2.5.0/gems/bundler-2.0.2/lib" />
        <root url="file://$USER_HOME$/.rbenv/versions/2.5.5/lib/ruby/gems/2.5.0/gems/bundler-2.0.2/man" />
      </CLASSES>
      <SOURCES>
        <root url="file://$USER_HOME$/.rbenv/versions/2.5.5/lib/ruby/gems/2.5.0/gems/bundler-2.0.2/exe" />
        <root url="file://$USER_HOME$/.rbenv/versions/2.5.5/lib/ruby/gems/2.5.0/gems/bundler-2.0.2/lib" />
        <root url="file://$USER_HOME$/.rbenv/versions/2.5.5/lib/ruby/gems/2.5.0/gems/bundler-2.0.2/man" />
      </SOURCES>
      <excluded>
        <root url="file://$USER_HOME$/.rbenv/versions/2.5.5/lib/ruby/gems/2.5.0/gems/bundler-2.0.2/exe" />
        <root url="file://$USER_HOME$/.rbenv/versions/2.5.5/lib/ruby/gems/2.5.0/gems/bundler-2.0.2/man" />
      </excluded>
    </library>
    <library name="did_you_mean (v1.2.0, rbenv: 2.5.5) [gem]" type="rubylib">
      <properties>
        <option name="version" value="4" />
      </properties>
      <CLASSES>
        <root url="file://$USER_HOME$/.rbenv/versions/2.5.5/lib/ruby/gems/2.5.0/gems/did_you_mean-1.2.0/doc" />
        <root url="file://$USER_HOME$/.rbenv/versions/2.5.5/lib/ruby/gems/2.5.0/gems/did_you_mean-1.2.0/lib" />
        <root url="file://$USER_HOME$/.rbenv/versions/2.5.5/lib/ruby/gems/2.5.0/gems/did_you_mean-1.2.0/test" />
        <root url="file://$USER_HOME$/.rbenv/versions/2.5.5/lib/ruby/gems/2.5.0/gems/did_you_mean-1.2.0/benchmark" />
        <root url="file://$USER_HOME$/.rbenv/versions/2.5.5/lib/ruby/gems/2.5.0/gems/did_you_mean-1.2.0/evaluation" />
      </CLASSES>
      <SOURCES>
        <root url="file://$USER_HOME$/.rbenv/versions/2.5.5/lib/ruby/gems/2.5.0/gems/did_you_mean-1.2.0/doc" />
        <root url="file://$USER_HOME$/.rbenv/versions/2.5.5/lib/ruby/gems/2.5.0/gems/did_you_mean-1.2.0/lib" />
        <root url="file://$USER_HOME$/.rbenv/versions/2.5.5/lib/ruby/gems/2.5.0/gems/did_you_mean-1.2.0/test" />
        <root url="file://$USER_HOME$/.rbenv/versions/2.5.5/lib/ruby/gems/2.5.0/gems/did_you_mean-1.2.0/benchmark" />
        <root url="file://$USER_HOME$/.rbenv/versions/2.5.5/lib/ruby/gems/2.5.0/gems/did_you_mean-1.2.0/evaluation" />
      </SOURCES>
      <excluded>
        <root url="file://$USER_HOME$/.rbenv/versions/2.5.5/lib/ruby/gems/2.5.0/gems/did_you_mean-1.2.0/doc" />
        <root url="file://$USER_HOME$/.rbenv/versions/2.5.5/lib/ruby/gems/2.5.0/gems/did_you_mean-1.2.0/test" />
        <root url="file://$USER_HOME$/.rbenv/versions/2.5.5/lib/ruby/gems/2.5.0/gems/did_you_mean-1.2.0/benchmark" />
        <root url="file://$USER_HOME$/.rbenv/versions/2.5.5/lib/ruby/gems/2.5.0/gems/did_you_mean-1.2.0/evaluation" />
      </excluded>
    </library>
    <library name="Elixir 1.9.4">
      <CLASSES>
        <root url="file:///usr/local/Cellar/elixir/1.9.4/lib/logger/ebin" />
        <root url="file:///usr/local/Cellar/elixir/1.9.4/lib/elixir/ebin" />
        <root url="file:///usr/local/Cellar/elixir/1.9.4/lib/ex_unit/ebin" />
        <root url="file:///usr/local/Cellar/elixir/1.9.4/lib/mix/ebin" />
        <root url="file:///usr/local/Cellar/elixir/1.9.4/lib/eex/ebin" />
        <root url="file:///usr/local/Cellar/elixir/1.9.4/lib/iex/ebin" />
        <root url="file:///usr/local/Cellar/erlang/22.1.8/lib/erlang/lib/erl_interface-3.13/ebin" />
        <root url="file:///usr/local/Cellar/erlang/22.1.8/lib/erlang/lib/ssl-9.4/ebin" />
        <root url="file:///usr/local/Cellar/erlang/22.1.8/lib/erlang/lib/parsetools-2.1.8/ebin" />
        <root url="file:///usr/local/Cellar/erlang/22.1.8/lib/erlang/lib/megaco-3.18.6/ebin" />
        <root url="file:///usr/local/Cellar/erlang/22.1.8/lib/erlang/lib/mnesia-4.16.1/ebin" />
        <root url="file:///usr/local/Cellar/erlang/22.1.8/lib/erlang/lib/eunit-2.3.8/ebin" />
        <root url="file:///usr/local/Cellar/erlang/22.1.8/lib/erlang/lib/runtime_tools-1.14/ebin" />
        <root url="file:///usr/local/Cellar/erlang/22.1.8/lib/erlang/lib/crypto-4.6.2/ebin" />
        <root url="file:///usr/local/Cellar/erlang/22.1.8/lib/erlang/lib/public_key-1.7/ebin" />
        <root url="file:///usr/local/Cellar/erlang/22.1.8/lib/erlang/lib/syntax_tools-2.2.1/ebin" />
        <root url="file:///usr/local/Cellar/erlang/22.1.8/lib/erlang/lib/dialyzer-4.1/ebin" />
        <root url="file:///usr/local/Cellar/erlang/22.1.8/lib/erlang/lib/tools-3.2.1/ebin" />
        <root url="file:///usr/local/Cellar/erlang/22.1.8/lib/erlang/lib/erl_docgen-0.10/ebin" />
        <root url="file:///usr/local/Cellar/erlang/22.1.8/lib/erlang/lib/stdlib-3.10/ebin" />
        <root url="file:///usr/local/Cellar/erlang/22.1.8/lib/erlang/lib/debugger-4.2.7/ebin" />
        <root url="file:///usr/local/Cellar/erlang/22.1.8/lib/erlang/lib/diameter-2.2.1/ebin" />
        <root url="file:///usr/local/Cellar/erlang/22.1.8/lib/erlang/lib/wx-1.8.9/ebin" />
        <root url="file:///usr/local/Cellar/erlang/22.1.8/lib/erlang/lib/kernel-6.5/ebin" />
        <root url="file:///usr/local/Cellar/erlang/22.1.8/lib/erlang/lib/os_mon-2.5.1/ebin" />
        <root url="file:///usr/local/Cellar/erlang/22.1.8/lib/erlang/lib/ftp-1.0.3/ebin" />
        <root url="file:///usr/local/Cellar/erlang/22.1.8/lib/erlang/lib/compiler-7.4.9/ebin" />
        <root url="file:///usr/local/Cellar/erlang/22.1.8/lib/erlang/lib/tftp-1.0.1/ebin" />
        <root url="file:///usr/local/Cellar/erlang/22.1.8/lib/erlang/lib/inets-7.1.1/ebin" />
        <root url="file:///usr/local/Cellar/erlang/22.1.8/lib/erlang/lib/erts-10.5.6/ebin" />
        <root url="file:///usr/local/Cellar/erlang/22.1.8/lib/erlang/lib/et-1.6.4/ebin" />
        <root url="file:///usr/local/Cellar/erlang/22.1.8/lib/erlang/lib/snmp-5.4.3/ebin" />
        <root url="file:///usr/local/Cellar/erlang/22.1.8/lib/erlang/lib/hipe-3.19.1/ebin" />
        <root url="file:///usr/local/Cellar/erlang/22.1.8/lib/erlang/lib/reltool-0.8/ebin" />
        <root url="file:///usr/local/Cellar/erlang/22.1.8/lib/erlang/lib/eldap-1.2.8/ebin" />
        <root url="file:///usr/local/Cellar/erlang/22.1.8/lib/erlang/lib/ssh-4.8/ebin" />
        <root url="file:///usr/local/Cellar/erlang/22.1.8/lib/erlang/lib/common_test-1.18/ebin" />
        <root url="file:///usr/local/Cellar/erlang/22.1.8/lib/erlang/lib/sasl-3.4.1/ebin" />
        <root url="file:///usr/local/Cellar/erlang/22.1.8/lib/erlang/lib/xmerl-1.3.22/ebin" />
        <root url="file:///usr/local/Cellar/erlang/22.1.8/lib/erlang/lib/edoc-0.11/ebin" />
        <root url="file:///usr/local/Cellar/erlang/22.1.8/lib/erlang/lib/observer-2.9.2/ebin" />
        <root url="file:///usr/local/Cellar/erlang/22.1.8/lib/erlang/lib/asn1-5.0.9/ebin" />
      </CLASSES>
      <SOURCES />
    </library>
    <library name="Elixir 1.9.4">
      <CLASSES>
        <root url="file:///usr/local/Cellar/elixir/1.9.4/lib/logger/ebin" />
        <root url="file:///usr/local/Cellar/elixir/1.9.4/lib/elixir/ebin" />
        <root url="file:///usr/local/Cellar/elixir/1.9.4/lib/ex_unit/ebin" />
        <root url="file:///usr/local/Cellar/elixir/1.9.4/lib/mix/ebin" />
        <root url="file:///usr/local/Cellar/elixir/1.9.4/lib/eex/ebin" />
        <root url="file:///usr/local/Cellar/elixir/1.9.4/lib/iex/ebin" />
        <root url="file:///usr/local/Cellar/erlang/22.1.8/lib/erlang/lib/erl_interface-3.13/ebin" />
        <root url="file:///usr/local/Cellar/erlang/22.1.8/lib/erlang/lib/ssl-9.4/ebin" />
        <root url="file:///usr/local/Cellar/erlang/22.1.8/lib/erlang/lib/parsetools-2.1.8/ebin" />
        <root url="file:///usr/local/Cellar/erlang/22.1.8/lib/erlang/lib/megaco-3.18.6/ebin" />
        <root url="file:///usr/local/Cellar/erlang/22.1.8/lib/erlang/lib/mnesia-4.16.1/ebin" />
        <root url="file:///usr/local/Cellar/erlang/22.1.8/lib/erlang/lib/eunit-2.3.8/ebin" />
        <root url="file:///usr/local/Cellar/erlang/22.1.8/lib/erlang/lib/runtime_tools-1.14/ebin" />
        <root url="file:///usr/local/Cellar/erlang/22.1.8/lib/erlang/lib/crypto-4.6.2/ebin" />
        <root url="file:///usr/local/Cellar/erlang/22.1.8/lib/erlang/lib/public_key-1.7/ebin" />
        <root url="file:///usr/local/Cellar/erlang/22.1.8/lib/erlang/lib/syntax_tools-2.2.1/ebin" />
        <root url="file:///usr/local/Cellar/erlang/22.1.8/lib/erlang/lib/dialyzer-4.1/ebin" />
        <root url="file:///usr/local/Cellar/erlang/22.1.8/lib/erlang/lib/tools-3.2.1/ebin" />
        <root url="file:///usr/local/Cellar/erlang/22.1.8/lib/erlang/lib/erl_docgen-0.10/ebin" />
        <root url="file:///usr/local/Cellar/erlang/22.1.8/lib/erlang/lib/stdlib-3.10/ebin" />
        <root url="file:///usr/local/Cellar/erlang/22.1.8/lib/erlang/lib/debugger-4.2.7/ebin" />
        <root url="file:///usr/local/Cellar/erlang/22.1.8/lib/erlang/lib/diameter-2.2.1/ebin" />
        <root url="file:///usr/local/Cellar/erlang/22.1.8/lib/erlang/lib/wx-1.8.9/ebin" />
        <root url="file:///usr/local/Cellar/erlang/22.1.8/lib/erlang/lib/kernel-6.5/ebin" />
        <root url="file:///usr/local/Cellar/erlang/22.1.8/lib/erlang/lib/os_mon-2.5.1/ebin" />
        <root url="file:///usr/local/Cellar/erlang/22.1.8/lib/erlang/lib/ftp-1.0.3/ebin" />
        <root url="file:///usr/local/Cellar/erlang/22.1.8/lib/erlang/lib/compiler-7.4.9/ebin" />
        <root url="file:///usr/local/Cellar/erlang/22.1.8/lib/erlang/lib/tftp-1.0.1/ebin" />
        <root url="file:///usr/local/Cellar/erlang/22.1.8/lib/erlang/lib/inets-7.1.1/ebin" />
        <root url="file:///usr/local/Cellar/erlang/22.1.8/lib/erlang/lib/erts-10.5.6/ebin" />
        <root url="file:///usr/local/Cellar/erlang/22.1.8/lib/erlang/lib/et-1.6.4/ebin" />
        <root url="file:///usr/local/Cellar/erlang/22.1.8/lib/erlang/lib/snmp-5.4.3/ebin" />
        <root url="file:///usr/local/Cellar/erlang/22.1.8/lib/erlang/lib/hipe-3.19.1/ebin" />
        <root url="file:///usr/local/Cellar/erlang/22.1.8/lib/erlang/lib/reltool-0.8/ebin" />
        <root url="file:///usr/local/Cellar/erlang/22.1.8/lib/erlang/lib/eldap-1.2.8/ebin" />
        <root url="file:///usr/local/Cellar/erlang/22.1.8/lib/erlang/lib/ssh-4.8/ebin" />
        <root url="file:///usr/local/Cellar/erlang/22.1.8/lib/erlang/lib/common_test-1.18/ebin" />
        <root url="file:///usr/local/Cellar/erlang/22.1.8/lib/erlang/lib/sasl-3.4.1/ebin" />
        <root url="file:///usr/local/Cellar/erlang/22.1.8/lib/erlang/lib/xmerl-1.3.22/ebin" />
        <root url="file:///usr/local/Cellar/erlang/22.1.8/lib/erlang/lib/edoc-0.11/ebin" />
        <root url="file:///usr/local/Cellar/erlang/22.1.8/lib/erlang/lib/observer-2.9.2/ebin" />
        <root url="file:///usr/local/Cellar/erlang/22.1.8/lib/erlang/lib/asn1-5.0.9/ebin" />
      </CLASSES>
      <SOURCES />
    </library>
    <library name="Elixir 1.9.4">
      <CLASSES>
        <root url="file:///usr/local/Cellar/elixir/1.9.4/lib/logger/ebin" />
        <root url="file:///usr/local/Cellar/elixir/1.9.4/lib/elixir/ebin" />
        <root url="file:///usr/local/Cellar/elixir/1.9.4/lib/ex_unit/ebin" />
        <root url="file:///usr/local/Cellar/elixir/1.9.4/lib/mix/ebin" />
        <root url="file:///usr/local/Cellar/elixir/1.9.4/lib/eex/ebin" />
        <root url="file:///usr/local/Cellar/elixir/1.9.4/lib/iex/ebin" />
        <root url="file:///usr/local/Cellar/erlang/22.1.8/lib/erlang/lib/erl_interface-3.13/ebin" />
        <root url="file:///usr/local/Cellar/erlang/22.1.8/lib/erlang/lib/ssl-9.4/ebin" />
        <root url="file:///usr/local/Cellar/erlang/22.1.8/lib/erlang/lib/parsetools-2.1.8/ebin" />
        <root url="file:///usr/local/Cellar/erlang/22.1.8/lib/erlang/lib/megaco-3.18.6/ebin" />
        <root url="file:///usr/local/Cellar/erlang/22.1.8/lib/erlang/lib/mnesia-4.16.1/ebin" />
        <root url="file:///usr/local/Cellar/erlang/22.1.8/lib/erlang/lib/eunit-2.3.8/ebin" />
        <root url="file:///usr/local/Cellar/erlang/22.1.8/lib/erlang/lib/runtime_tools-1.14/ebin" />
        <root url="file:///usr/local/Cellar/erlang/22.1.8/lib/erlang/lib/crypto-4.6.2/ebin" />
        <root url="file:///usr/local/Cellar/erlang/22.1.8/lib/erlang/lib/public_key-1.7/ebin" />
        <root url="file:///usr/local/Cellar/erlang/22.1.8/lib/erlang/lib/syntax_tools-2.2.1/ebin" />
        <root url="file:///usr/local/Cellar/erlang/22.1.8/lib/erlang/lib/dialyzer-4.1/ebin" />
        <root url="file:///usr/local/Cellar/erlang/22.1.8/lib/erlang/lib/tools-3.2.1/ebin" />
        <root url="file:///usr/local/Cellar/erlang/22.1.8/lib/erlang/lib/erl_docgen-0.10/ebin" />
        <root url="file:///usr/local/Cellar/erlang/22.1.8/lib/erlang/lib/stdlib-3.10/ebin" />
        <root url="file:///usr/local/Cellar/erlang/22.1.8/lib/erlang/lib/debugger-4.2.7/ebin" />
        <root url="file:///usr/local/Cellar/erlang/22.1.8/lib/erlang/lib/diameter-2.2.1/ebin" />
        <root url="file:///usr/local/Cellar/erlang/22.1.8/lib/erlang/lib/wx-1.8.9/ebin" />
        <root url="file:///usr/local/Cellar/erlang/22.1.8/lib/erlang/lib/kernel-6.5/ebin" />
        <root url="file:///usr/local/Cellar/erlang/22.1.8/lib/erlang/lib/os_mon-2.5.1/ebin" />
        <root url="file:///usr/local/Cellar/erlang/22.1.8/lib/erlang/lib/ftp-1.0.3/ebin" />
        <root url="file:///usr/local/Cellar/erlang/22.1.8/lib/erlang/lib/compiler-7.4.9/ebin" />
        <root url="file:///usr/local/Cellar/erlang/22.1.8/lib/erlang/lib/tftp-1.0.1/ebin" />
        <root url="file:///usr/local/Cellar/erlang/22.1.8/lib/erlang/lib/inets-7.1.1/ebin" />
        <root url="file:///usr/local/Cellar/erlang/22.1.8/lib/erlang/lib/erts-10.5.6/ebin" />
        <root url="file:///usr/local/Cellar/erlang/22.1.8/lib/erlang/lib/et-1.6.4/ebin" />
        <root url="file:///usr/local/Cellar/erlang/22.1.8/lib/erlang/lib/snmp-5.4.3/ebin" />
        <root url="file:///usr/local/Cellar/erlang/22.1.8/lib/erlang/lib/hipe-3.19.1/ebin" />
        <root url="file:///usr/local/Cellar/erlang/22.1.8/lib/erlang/lib/reltool-0.8/ebin" />
        <root url="file:///usr/local/Cellar/erlang/22.1.8/lib/erlang/lib/eldap-1.2.8/ebin" />
        <root url="file:///usr/local/Cellar/erlang/22.1.8/lib/erlang/lib/ssh-4.8/ebin" />
        <root url="file:///usr/local/Cellar/erlang/22.1.8/lib/erlang/lib/common_test-1.18/ebin" />
        <root url="file:///usr/local/Cellar/erlang/22.1.8/lib/erlang/lib/sasl-3.4.1/ebin" />
        <root url="file:///usr/local/Cellar/erlang/22.1.8/lib/erlang/lib/xmerl-1.3.22/ebin" />
        <root url="file:///usr/local/Cellar/erlang/22.1.8/lib/erlang/lib/edoc-0.11/ebin" />
        <root url="file:///usr/local/Cellar/erlang/22.1.8/lib/erlang/lib/observer-2.9.2/ebin" />
        <root url="file:///usr/local/Cellar/erlang/22.1.8/lib/erlang/lib/asn1-5.0.9/ebin" />
      </CLASSES>
      <SOURCES />
    </library>
    <library name="Elixir 1.9.4">
      <CLASSES>
        <root url="file:///usr/local/Cellar/elixir/1.9.4/lib/logger/ebin" />
        <root url="file:///usr/local/Cellar/elixir/1.9.4/lib/elixir/ebin" />
        <root url="file:///usr/local/Cellar/elixir/1.9.4/lib/ex_unit/ebin" />
        <root url="file:///usr/local/Cellar/elixir/1.9.4/lib/mix/ebin" />
        <root url="file:///usr/local/Cellar/elixir/1.9.4/lib/eex/ebin" />
        <root url="file:///usr/local/Cellar/elixir/1.9.4/lib/iex/ebin" />
        <root url="file:///usr/local/Cellar/erlang/22.1.8/lib/erlang/lib/erl_interface-3.13/ebin" />
        <root url="file:///usr/local/Cellar/erlang/22.1.8/lib/erlang/lib/ssl-9.4/ebin" />
        <root url="file:///usr/local/Cellar/erlang/22.1.8/lib/erlang/lib/parsetools-2.1.8/ebin" />
        <root url="file:///usr/local/Cellar/erlang/22.1.8/lib/erlang/lib/megaco-3.18.6/ebin" />
        <root url="file:///usr/local/Cellar/erlang/22.1.8/lib/erlang/lib/mnesia-4.16.1/ebin" />
        <root url="file:///usr/local/Cellar/erlang/22.1.8/lib/erlang/lib/eunit-2.3.8/ebin" />
        <root url="file:///usr/local/Cellar/erlang/22.1.8/lib/erlang/lib/runtime_tools-1.14/ebin" />
        <root url="file:///usr/local/Cellar/erlang/22.1.8/lib/erlang/lib/crypto-4.6.2/ebin" />
        <root url="file:///usr/local/Cellar/erlang/22.1.8/lib/erlang/lib/public_key-1.7/ebin" />
        <root url="file:///usr/local/Cellar/erlang/22.1.8/lib/erlang/lib/syntax_tools-2.2.1/ebin" />
        <root url="file:///usr/local/Cellar/erlang/22.1.8/lib/erlang/lib/dialyzer-4.1/ebin" />
        <root url="file:///usr/local/Cellar/erlang/22.1.8/lib/erlang/lib/tools-3.2.1/ebin" />
        <root url="file:///usr/local/Cellar/erlang/22.1.8/lib/erlang/lib/erl_docgen-0.10/ebin" />
        <root url="file:///usr/local/Cellar/erlang/22.1.8/lib/erlang/lib/stdlib-3.10/ebin" />
        <root url="file:///usr/local/Cellar/erlang/22.1.8/lib/erlang/lib/debugger-4.2.7/ebin" />
        <root url="file:///usr/local/Cellar/erlang/22.1.8/lib/erlang/lib/diameter-2.2.1/ebin" />
        <root url="file:///usr/local/Cellar/erlang/22.1.8/lib/erlang/lib/wx-1.8.9/ebin" />
        <root url="file:///usr/local/Cellar/erlang/22.1.8/lib/erlang/lib/kernel-6.5/ebin" />
        <root url="file:///usr/local/Cellar/erlang/22.1.8/lib/erlang/lib/os_mon-2.5.1/ebin" />
        <root url="file:///usr/local/Cellar/erlang/22.1.8/lib/erlang/lib/ftp-1.0.3/ebin" />
        <root url="file:///usr/local/Cellar/erlang/22.1.8/lib/erlang/lib/compiler-7.4.9/ebin" />
        <root url="file:///usr/local/Cellar/erlang/22.1.8/lib/erlang/lib/tftp-1.0.1/ebin" />
        <root url="file:///usr/local/Cellar/erlang/22.1.8/lib/erlang/lib/inets-7.1.1/ebin" />
        <root url="file:///usr/local/Cellar/erlang/22.1.8/lib/erlang/lib/erts-10.5.6/ebin" />
        <root url="file:///usr/local/Cellar/erlang/22.1.8/lib/erlang/lib/et-1.6.4/ebin" />
        <root url="file:///usr/local/Cellar/erlang/22.1.8/lib/erlang/lib/snmp-5.4.3/ebin" />
        <root url="file:///usr/local/Cellar/erlang/22.1.8/lib/erlang/lib/hipe-3.19.1/ebin" />
        <root url="file:///usr/local/Cellar/erlang/22.1.8/lib/erlang/lib/reltool-0.8/ebin" />
        <root url="file:///usr/local/Cellar/erlang/22.1.8/lib/erlang/lib/eldap-1.2.8/ebin" />
        <root url="file:///usr/local/Cellar/erlang/22.1.8/lib/erlang/lib/ssh-4.8/ebin" />
        <root url="file:///usr/local/Cellar/erlang/22.1.8/lib/erlang/lib/common_test-1.18/ebin" />
        <root url="file:///usr/local/Cellar/erlang/22.1.8/lib/erlang/lib/sasl-3.4.1/ebin" />
        <root url="file:///usr/local/Cellar/erlang/22.1.8/lib/erlang/lib/xmerl-1.3.22/ebin" />
        <root url="file:///usr/local/Cellar/erlang/22.1.8/lib/erlang/lib/edoc-0.11/ebin" />
        <root url="file:///usr/local/Cellar/erlang/22.1.8/lib/erlang/lib/observer-2.9.2/ebin" />
        <root url="file:///usr/local/Cellar/erlang/22.1.8/lib/erlang/lib/asn1-5.0.9/ebin" />
      </CLASSES>
      <SOURCES />
    </library>
    <library name="Erlang for Elixir 22">
      <CLASSES>
        <root url="file:///usr/local/Cellar/erlang/22.1.8/lib/erlang/lib/erl_interface-3.13/ebin" />
        <root url="file:///usr/local/Cellar/erlang/22.1.8/lib/erlang/lib/ssl-9.4/ebin" />
        <root url="file:///usr/local/Cellar/erlang/22.1.8/lib/erlang/lib/parsetools-2.1.8/ebin" />
        <root url="file:///usr/local/Cellar/erlang/22.1.8/lib/erlang/lib/megaco-3.18.6/ebin" />
        <root url="file:///usr/local/Cellar/erlang/22.1.8/lib/erlang/lib/mnesia-4.16.1/ebin" />
        <root url="file:///usr/local/Cellar/erlang/22.1.8/lib/erlang/lib/eunit-2.3.8/ebin" />
        <root url="file:///usr/local/Cellar/erlang/22.1.8/lib/erlang/lib/runtime_tools-1.14/ebin" />
        <root url="file:///usr/local/Cellar/erlang/22.1.8/lib/erlang/lib/crypto-4.6.2/ebin" />
        <root url="file:///usr/local/Cellar/erlang/22.1.8/lib/erlang/lib/public_key-1.7/ebin" />
        <root url="file:///usr/local/Cellar/erlang/22.1.8/lib/erlang/lib/syntax_tools-2.2.1/ebin" />
        <root url="file:///usr/local/Cellar/erlang/22.1.8/lib/erlang/lib/dialyzer-4.1/ebin" />
        <root url="file:///usr/local/Cellar/erlang/22.1.8/lib/erlang/lib/tools-3.2.1/ebin" />
        <root url="file:///usr/local/Cellar/erlang/22.1.8/lib/erlang/lib/erl_docgen-0.10/ebin" />
        <root url="file:///usr/local/Cellar/erlang/22.1.8/lib/erlang/lib/stdlib-3.10/ebin" />
        <root url="file:///usr/local/Cellar/erlang/22.1.8/lib/erlang/lib/debugger-4.2.7/ebin" />
        <root url="file:///usr/local/Cellar/erlang/22.1.8/lib/erlang/lib/diameter-2.2.1/ebin" />
        <root url="file:///usr/local/Cellar/erlang/22.1.8/lib/erlang/lib/wx-1.8.9/ebin" />
        <root url="file:///usr/local/Cellar/erlang/22.1.8/lib/erlang/lib/kernel-6.5/ebin" />
        <root url="file:///usr/local/Cellar/erlang/22.1.8/lib/erlang/lib/os_mon-2.5.1/ebin" />
        <root url="file:///usr/local/Cellar/erlang/22.1.8/lib/erlang/lib/ftp-1.0.3/ebin" />
        <root url="file:///usr/local/Cellar/erlang/22.1.8/lib/erlang/lib/compiler-7.4.9/ebin" />
        <root url="file:///usr/local/Cellar/erlang/22.1.8/lib/erlang/lib/tftp-1.0.1/ebin" />
        <root url="file:///usr/local/Cellar/erlang/22.1.8/lib/erlang/lib/inets-7.1.1/ebin" />
        <root url="file:///usr/local/Cellar/erlang/22.1.8/lib/erlang/lib/erts-10.5.6/ebin" />
        <root url="file:///usr/local/Cellar/erlang/22.1.8/lib/erlang/lib/et-1.6.4/ebin" />
        <root url="file:///usr/local/Cellar/erlang/22.1.8/lib/erlang/lib/snmp-5.4.3/ebin" />
        <root url="file:///usr/local/Cellar/erlang/22.1.8/lib/erlang/lib/hipe-3.19.1/ebin" />
        <root url="file:///usr/local/Cellar/erlang/22.1.8/lib/erlang/lib/reltool-0.8/ebin" />
        <root url="file:///usr/local/Cellar/erlang/22.1.8/lib/erlang/lib/eldap-1.2.8/ebin" />
        <root url="file:///usr/local/Cellar/erlang/22.1.8/lib/erlang/lib/ssh-4.8/ebin" />
        <root url="file:///usr/local/Cellar/erlang/22.1.8/lib/erlang/lib/common_test-1.18/ebin" />
        <root url="file:///usr/local/Cellar/erlang/22.1.8/lib/erlang/lib/sasl-3.4.1/ebin" />
        <root url="file:///usr/local/Cellar/erlang/22.1.8/lib/erlang/lib/xmerl-1.3.22/ebin" />
        <root url="file:///usr/local/Cellar/erlang/22.1.8/lib/erlang/lib/edoc-0.11/ebin" />
        <root url="file:///usr/local/Cellar/erlang/22.1.8/lib/erlang/lib/observer-2.9.2/ebin" />
        <root url="file:///usr/local/Cellar/erlang/22.1.8/lib/erlang/lib/asn1-5.0.9/ebin" />
      </CLASSES>
      <SOURCES />
    </library>
    <library name="Erlang for Elixir 22">
      <CLASSES>
        <root url="file:///usr/local/Cellar/erlang/22.1.8/lib/erlang/lib/erl_interface-3.13/ebin" />
        <root url="file:///usr/local/Cellar/erlang/22.1.8/lib/erlang/lib/ssl-9.4/ebin" />
        <root url="file:///usr/local/Cellar/erlang/22.1.8/lib/erlang/lib/parsetools-2.1.8/ebin" />
        <root url="file:///usr/local/Cellar/erlang/22.1.8/lib/erlang/lib/megaco-3.18.6/ebin" />
        <root url="file:///usr/local/Cellar/erlang/22.1.8/lib/erlang/lib/mnesia-4.16.1/ebin" />
        <root url="file:///usr/local/Cellar/erlang/22.1.8/lib/erlang/lib/eunit-2.3.8/ebin" />
        <root url="file:///usr/local/Cellar/erlang/22.1.8/lib/erlang/lib/runtime_tools-1.14/ebin" />
        <root url="file:///usr/local/Cellar/erlang/22.1.8/lib/erlang/lib/crypto-4.6.2/ebin" />
        <root url="file:///usr/local/Cellar/erlang/22.1.8/lib/erlang/lib/public_key-1.7/ebin" />
        <root url="file:///usr/local/Cellar/erlang/22.1.8/lib/erlang/lib/syntax_tools-2.2.1/ebin" />
        <root url="file:///usr/local/Cellar/erlang/22.1.8/lib/erlang/lib/dialyzer-4.1/ebin" />
        <root url="file:///usr/local/Cellar/erlang/22.1.8/lib/erlang/lib/tools-3.2.1/ebin" />
        <root url="file:///usr/local/Cellar/erlang/22.1.8/lib/erlang/lib/erl_docgen-0.10/ebin" />
        <root url="file:///usr/local/Cellar/erlang/22.1.8/lib/erlang/lib/stdlib-3.10/ebin" />
        <root url="file:///usr/local/Cellar/erlang/22.1.8/lib/erlang/lib/debugger-4.2.7/ebin" />
        <root url="file:///usr/local/Cellar/erlang/22.1.8/lib/erlang/lib/diameter-2.2.1/ebin" />
        <root url="file:///usr/local/Cellar/erlang/22.1.8/lib/erlang/lib/wx-1.8.9/ebin" />
        <root url="file:///usr/local/Cellar/erlang/22.1.8/lib/erlang/lib/kernel-6.5/ebin" />
        <root url="file:///usr/local/Cellar/erlang/22.1.8/lib/erlang/lib/os_mon-2.5.1/ebin" />
        <root url="file:///usr/local/Cellar/erlang/22.1.8/lib/erlang/lib/ftp-1.0.3/ebin" />
        <root url="file:///usr/local/Cellar/erlang/22.1.8/lib/erlang/lib/compiler-7.4.9/ebin" />
        <root url="file:///usr/local/Cellar/erlang/22.1.8/lib/erlang/lib/tftp-1.0.1/ebin" />
        <root url="file:///usr/local/Cellar/erlang/22.1.8/lib/erlang/lib/inets-7.1.1/ebin" />
        <root url="file:///usr/local/Cellar/erlang/22.1.8/lib/erlang/lib/erts-10.5.6/ebin" />
        <root url="file:///usr/local/Cellar/erlang/22.1.8/lib/erlang/lib/et-1.6.4/ebin" />
        <root url="file:///usr/local/Cellar/erlang/22.1.8/lib/erlang/lib/snmp-5.4.3/ebin" />
        <root url="file:///usr/local/Cellar/erlang/22.1.8/lib/erlang/lib/hipe-3.19.1/ebin" />
        <root url="file:///usr/local/Cellar/erlang/22.1.8/lib/erlang/lib/reltool-0.8/ebin" />
        <root url="file:///usr/local/Cellar/erlang/22.1.8/lib/erlang/lib/eldap-1.2.8/ebin" />
        <root url="file:///usr/local/Cellar/erlang/22.1.8/lib/erlang/lib/ssh-4.8/ebin" />
        <root url="file:///usr/local/Cellar/erlang/22.1.8/lib/erlang/lib/common_test-1.18/ebin" />
        <root url="file:///usr/local/Cellar/erlang/22.1.8/lib/erlang/lib/sasl-3.4.1/ebin" />
        <root url="file:///usr/local/Cellar/erlang/22.1.8/lib/erlang/lib/xmerl-1.3.22/ebin" />
        <root url="file:///usr/local/Cellar/erlang/22.1.8/lib/erlang/lib/edoc-0.11/ebin" />
        <root url="file:///usr/local/Cellar/erlang/22.1.8/lib/erlang/lib/observer-2.9.2/ebin" />
        <root url="file:///usr/local/Cellar/erlang/22.1.8/lib/erlang/lib/asn1-5.0.9/ebin" />
      </CLASSES>
      <SOURCES />
    </library>
    <library name="fiddle (v1.0.0, rbenv: 2.5.5) [gem]" type="rubylib">
      <properties>
        <option name="version" value="4" />
      </properties>
      <CLASSES />
      <SOURCES />
    </library>
    <library name="io-console (v0.4.6, rbenv: 2.5.5) [gem]" type="rubylib">
      <properties>
        <option name="version" value="4" />
      </properties>
      <CLASSES />
      <SOURCES />
    </library>
    <library name="json (v2.1.0, rbenv: 2.5.5) [gem]" type="rubylib">
      <properties>
        <option name="version" value="4" />
      </properties>
      <CLASSES>
        <root url="file://$USER_HOME$/.rbenv/versions/2.5.5/lib/ruby/2.5.0/json/add" />
      </CLASSES>
      <SOURCES>
        <root url="file://$USER_HOME$/.rbenv/versions/2.5.5/lib/ruby/2.5.0/json/add" />
      </SOURCES>
      <excluded>
        <root url="file://$USER_HOME$/.rbenv/versions/2.5.5/lib/ruby/2.5.0/json/add" />
      </excluded>
    </library>
    <library name="mail (v2.7.1, rbenv: 2.5.5) [gem]" type="rubylib">
      <properties>
        <option name="version" value="4" />
      </properties>
      <CLASSES>
        <root url="file://$USER_HOME$/.rbenv/versions/2.5.5/lib/ruby/gems/2.5.0/gems/mail-2.7.1/lib" />
      </CLASSES>
      <SOURCES>
        <root url="file://$USER_HOME$/.rbenv/versions/2.5.5/lib/ruby/gems/2.5.0/gems/mail-2.7.1/lib" />
      </SOURCES>
    </library>
    <library name="mini_mime (v1.0.2, rbenv: 2.5.5) [gem]" type="rubylib">
      <properties>
        <option name="version" value="4" />
      </properties>
      <CLASSES>
        <root url="file://$USER_HOME$/.rbenv/versions/2.5.5/lib/ruby/gems/2.5.0/gems/mini_mime-1.0.2/bin" />
        <root url="file://$USER_HOME$/.rbenv/versions/2.5.5/lib/ruby/gems/2.5.0/gems/mini_mime-1.0.2/lib" />
        <root url="file://$USER_HOME$/.rbenv/versions/2.5.5/lib/ruby/gems/2.5.0/gems/mini_mime-1.0.2/bench" />
      </CLASSES>
      <SOURCES>
        <root url="file://$USER_HOME$/.rbenv/versions/2.5.5/lib/ruby/gems/2.5.0/gems/mini_mime-1.0.2/bin" />
        <root url="file://$USER_HOME$/.rbenv/versions/2.5.5/lib/ruby/gems/2.5.0/gems/mini_mime-1.0.2/lib" />
        <root url="file://$USER_HOME$/.rbenv/versions/2.5.5/lib/ruby/gems/2.5.0/gems/mini_mime-1.0.2/bench" />
      </SOURCES>
      <excluded>
        <root url="file://$USER_HOME$/.rbenv/versions/2.5.5/lib/ruby/gems/2.5.0/gems/mini_mime-1.0.2/bin" />
        <root url="file://$USER_HOME$/.rbenv/versions/2.5.5/lib/ruby/gems/2.5.0/gems/mini_mime-1.0.2/bench" />
      </excluded>
    </library>
    <library name="mini_portile2 (v2.4.0, rbenv: 2.5.5) [gem]" type="rubylib">
      <properties>
        <option name="version" value="4" />
      </properties>
      <CLASSES>
        <root url="file://$USER_HOME$/.rbenv/versions/2.5.5/lib/ruby/gems/2.5.0/gems/mini_portile2-2.4.0/lib" />
        <root url="file://$USER_HOME$/.rbenv/versions/2.5.5/lib/ruby/gems/2.5.0/gems/mini_portile2-2.4.0/test" />
        <root url="file://$USER_HOME$/.rbenv/versions/2.5.5/lib/ruby/gems/2.5.0/gems/mini_portile2-2.4.0/concourse" />
      </CLASSES>
      <SOURCES>
        <root url="file://$USER_HOME$/.rbenv/versions/2.5.5/lib/ruby/gems/2.5.0/gems/mini_portile2-2.4.0/lib" />
        <root url="file://$USER_HOME$/.rbenv/versions/2.5.5/lib/ruby/gems/2.5.0/gems/mini_portile2-2.4.0/test" />
        <root url="file://$USER_HOME$/.rbenv/versions/2.5.5/lib/ruby/gems/2.5.0/gems/mini_portile2-2.4.0/concourse" />
      </SOURCES>
      <excluded>
        <root url="file://$USER_HOME$/.rbenv/versions/2.5.5/lib/ruby/gems/2.5.0/gems/mini_portile2-2.4.0/test" />
        <root url="file://$USER_HOME$/.rbenv/versions/2.5.5/lib/ruby/gems/2.5.0/gems/mini_portile2-2.4.0/concourse" />
      </excluded>
    </library>
    <library name="minitest (v5.10.3, rbenv: 2.5.5) [gem]" type="rubylib">
      <properties>
        <option name="version" value="4" />
      </properties>
      <CLASSES>
        <root url="file://$USER_HOME$/.rbenv/versions/2.5.5/lib/ruby/gems/2.5.0/gems/minitest-5.10.3/lib" />
        <root url="file://$USER_HOME$/.rbenv/versions/2.5.5/lib/ruby/gems/2.5.0/gems/minitest-5.10.3/test" />
      </CLASSES>
      <SOURCES>
        <root url="file://$USER_HOME$/.rbenv/versions/2.5.5/lib/ruby/gems/2.5.0/gems/minitest-5.10.3/lib" />
        <root url="file://$USER_HOME$/.rbenv/versions/2.5.5/lib/ruby/gems/2.5.0/gems/minitest-5.10.3/test" />
      </SOURCES>
      <excluded>
        <root url="file://$USER_HOME$/.rbenv/versions/2.5.5/lib/ruby/gems/2.5.0/gems/minitest-5.10.3/test" />
      </excluded>
    </library>
    <library name="net-telnet (v0.1.1, rbenv: 2.5.5) [gem]" type="rubylib">
      <properties>
        <option name="version" value="4" />
      </properties>
      <CLASSES>
        <root url="file://$USER_HOME$/.rbenv/versions/2.5.5/lib/ruby/gems/2.5.0/gems/net-telnet-0.1.1/bin" />
        <root url="file://$USER_HOME$/.rbenv/versions/2.5.5/lib/ruby/gems/2.5.0/gems/net-telnet-0.1.1/lib" />
      </CLASSES>
      <SOURCES>
        <root url="file://$USER_HOME$/.rbenv/versions/2.5.5/lib/ruby/gems/2.5.0/gems/net-telnet-0.1.1/bin" />
        <root url="file://$USER_HOME$/.rbenv/versions/2.5.5/lib/ruby/gems/2.5.0/gems/net-telnet-0.1.1/lib" />
      </SOURCES>
      <excluded>
        <root url="file://$USER_HOME$/.rbenv/versions/2.5.5/lib/ruby/gems/2.5.0/gems/net-telnet-0.1.1/bin" />
      </excluded>
    </library>
    <library name="nokogiri (v1.10.4, rbenv: 2.5.5) [gem]" type="rubylib">
      <properties>
        <option name="version" value="4" />
      </properties>
      <CLASSES>
        <root url="file://$USER_HOME$/.rbenv/versions/2.5.5/lib/ruby/gems/2.5.0/gems/nokogiri-1.10.4/bin" />
        <root url="file://$USER_HOME$/.rbenv/versions/2.5.5/lib/ruby/gems/2.5.0/gems/nokogiri-1.10.4/ext" />
        <root url="file://$USER_HOME$/.rbenv/versions/2.5.5/lib/ruby/gems/2.5.0/gems/nokogiri-1.10.4/lib" />
        <root url="file://$USER_HOME$/.rbenv/versions/2.5.5/lib/ruby/gems/2.5.0/gems/nokogiri-1.10.4/patches" />
      </CLASSES>
      <SOURCES>
        <root url="file://$USER_HOME$/.rbenv/versions/2.5.5/lib/ruby/gems/2.5.0/gems/nokogiri-1.10.4/bin" />
        <root url="file://$USER_HOME$/.rbenv/versions/2.5.5/lib/ruby/gems/2.5.0/gems/nokogiri-1.10.4/ext" />
        <root url="file://$USER_HOME$/.rbenv/versions/2.5.5/lib/ruby/gems/2.5.0/gems/nokogiri-1.10.4/lib" />
        <root url="file://$USER_HOME$/.rbenv/versions/2.5.5/lib/ruby/gems/2.5.0/gems/nokogiri-1.10.4/patches" />
      </SOURCES>
      <excluded>
        <root url="file://$USER_HOME$/.rbenv/versions/2.5.5/lib/ruby/gems/2.5.0/gems/nokogiri-1.10.4/bin" />
        <root url="file://$USER_HOME$/.rbenv/versions/2.5.5/lib/ruby/gems/2.5.0/gems/nokogiri-1.10.4/ext" />
        <root url="file://$USER_HOME$/.rbenv/versions/2.5.5/lib/ruby/gems/2.5.0/gems/nokogiri-1.10.4/patches" />
      </excluded>
    </library>
    <library name="openssl (v2.1.2, rbenv: 2.5.5) [gem]" type="rubylib">
      <properties>
        <option name="version" value="4" />
      </properties>
      <CLASSES />
      <SOURCES />
    </library>
    <library name="power_assert (v1.1.1, rbenv: 2.5.5) [gem]" type="rubylib">
      <properties>
        <option name="version" value="4" />
      </properties>
      <CLASSES>
        <root url="file://$USER_HOME$/.rbenv/versions/2.5.5/lib/ruby/gems/2.5.0/gems/power_assert-1.1.1/bin" />
        <root url="file://$USER_HOME$/.rbenv/versions/2.5.5/lib/ruby/gems/2.5.0/gems/power_assert-1.1.1/lib" />
      </CLASSES>
      <SOURCES>
        <root url="file://$USER_HOME$/.rbenv/versions/2.5.5/lib/ruby/gems/2.5.0/gems/power_assert-1.1.1/bin" />
        <root url="file://$USER_HOME$/.rbenv/versions/2.5.5/lib/ruby/gems/2.5.0/gems/power_assert-1.1.1/lib" />
      </SOURCES>
      <excluded>
        <root url="file://$USER_HOME$/.rbenv/versions/2.5.5/lib/ruby/gems/2.5.0/gems/power_assert-1.1.1/bin" />
      </excluded>
    </library>
    <library name="psych (v3.0.2, rbenv: 2.5.5) [gem]" type="rubylib">
      <properties>
        <option name="version" value="4" />
      </properties>
      <CLASSES>
        <root url="file://$USER_HOME$/.rbenv/versions/2.5.5/lib/ruby/2.5.0/psych/json" />
        <root url="file://$USER_HOME$/.rbenv/versions/2.5.5/lib/ruby/2.5.0/psych/nodes" />
        <root url="file://$USER_HOME$/.rbenv/versions/2.5.5/lib/ruby/2.5.0/psych/handlers" />
        <root url="file://$USER_HOME$/.rbenv/versions/2.5.5/lib/ruby/2.5.0/psych/visitors" />
      </CLASSES>
      <SOURCES>
        <root url="file://$USER_HOME$/.rbenv/versions/2.5.5/lib/ruby/2.5.0/psych/json" />
        <root url="file://$USER_HOME$/.rbenv/versions/2.5.5/lib/ruby/2.5.0/psych/nodes" />
        <root url="file://$USER_HOME$/.rbenv/versions/2.5.5/lib/ruby/2.5.0/psych/handlers" />
        <root url="file://$USER_HOME$/.rbenv/versions/2.5.5/lib/ruby/2.5.0/psych/visitors" />
      </SOURCES>
      <excluded>
        <root url="file://$USER_HOME$/.rbenv/versions/2.5.5/lib/ruby/2.5.0/psych/json" />
        <root url="file://$USER_HOME$/.rbenv/versions/2.5.5/lib/ruby/2.5.0/psych/nodes" />
        <root url="file://$USER_HOME$/.rbenv/versions/2.5.5/lib/ruby/2.5.0/psych/handlers" />
        <root url="file://$USER_HOME$/.rbenv/versions/2.5.5/lib/ruby/2.5.0/psych/visitors" />
      </excluded>
    </library>
    <library name="rake (v12.3.0, rbenv: 2.5.5) [gem]" type="rubylib">
      <properties>
        <option name="version" value="4" />
      </properties>
      <CLASSES>
        <root url="file://$USER_HOME$/.rbenv/versions/2.5.5/lib/ruby/gems/2.5.0/gems/rake-12.3.0/bin" />
        <root url="file://$USER_HOME$/.rbenv/versions/2.5.5/lib/ruby/gems/2.5.0/gems/rake-12.3.0/doc" />
        <root url="file://$USER_HOME$/.rbenv/versions/2.5.5/lib/ruby/gems/2.5.0/gems/rake-12.3.0/exe" />
        <root url="file://$USER_HOME$/.rbenv/versions/2.5.5/lib/ruby/gems/2.5.0/gems/rake-12.3.0/lib" />
      </CLASSES>
      <SOURCES>
        <root url="file://$USER_HOME$/.rbenv/versions/2.5.5/lib/ruby/gems/2.5.0/gems/rake-12.3.0/bin" />
        <root url="file://$USER_HOME$/.rbenv/versions/2.5.5/lib/ruby/gems/2.5.0/gems/rake-12.3.0/doc" />
        <root url="file://$USER_HOME$/.rbenv/versions/2.5.5/lib/ruby/gems/2.5.0/gems/rake-12.3.0/exe" />
        <root url="file://$USER_HOME$/.rbenv/versions/2.5.5/lib/ruby/gems/2.5.0/gems/rake-12.3.0/lib" />
      </SOURCES>
      <excluded>
        <root url="file://$USER_HOME$/.rbenv/versions/2.5.5/lib/ruby/gems/2.5.0/gems/rake-12.3.0/bin" />
        <root url="file://$USER_HOME$/.rbenv/versions/2.5.5/lib/ruby/gems/2.5.0/gems/rake-12.3.0/doc" />
        <root url="file://$USER_HOME$/.rbenv/versions/2.5.5/lib/ruby/gems/2.5.0/gems/rake-12.3.0/exe" />
      </excluded>
    </library>
    <library name="rdoc (v6.0.1, rbenv: 2.5.5) [gem]" type="rubylib">
      <properties>
        <option name="version" value="4" />
      </properties>
      <CLASSES>
        <root url="file://$USER_HOME$/.rbenv/versions/2.5.5/lib/ruby/2.5.0/rdoc/rd" />
        <root url="file://$USER_HOME$/.rbenv/versions/2.5.5/lib/ruby/2.5.0/rdoc/ri" />
        <root url="file://$USER_HOME$/.rbenv/versions/2.5.5/lib/ruby/2.5.0/rdoc/i18n" />
        <root url="file://$USER_HOME$/.rbenv/versions/2.5.5/lib/ruby/2.5.0/rdoc/stats" />
        <root url="file://$USER_HOME$/.rbenv/versions/2.5.5/lib/ruby/2.5.0/rdoc/markup" />
        <root url="file://$USER_HOME$/.rbenv/versions/2.5.5/lib/ruby/2.5.0/rdoc/parser" />
        <root url="file://$USER_HOME$/.rbenv/versions/2.5.5/lib/ruby/2.5.0/rdoc/context" />
        <root url="file://$USER_HOME$/.rbenv/versions/2.5.5/lib/ruby/2.5.0/rdoc/markdown" />
        <root url="file://$USER_HOME$/.rbenv/versions/2.5.5/lib/ruby/2.5.0/rdoc/generator" />
      </CLASSES>
      <SOURCES>
        <root url="file://$USER_HOME$/.rbenv/versions/2.5.5/lib/ruby/2.5.0/rdoc/rd" />
        <root url="file://$USER_HOME$/.rbenv/versions/2.5.5/lib/ruby/2.5.0/rdoc/ri" />
        <root url="file://$USER_HOME$/.rbenv/versions/2.5.5/lib/ruby/2.5.0/rdoc/i18n" />
        <root url="file://$USER_HOME$/.rbenv/versions/2.5.5/lib/ruby/2.5.0/rdoc/stats" />
        <root url="file://$USER_HOME$/.rbenv/versions/2.5.5/lib/ruby/2.5.0/rdoc/markup" />
        <root url="file://$USER_HOME$/.rbenv/versions/2.5.5/lib/ruby/2.5.0/rdoc/parser" />
        <root url="file://$USER_HOME$/.rbenv/versions/2.5.5/lib/ruby/2.5.0/rdoc/context" />
        <root url="file://$USER_HOME$/.rbenv/versions/2.5.5/lib/ruby/2.5.0/rdoc/markdown" />
        <root url="file://$USER_HOME$/.rbenv/versions/2.5.5/lib/ruby/2.5.0/rdoc/generator" />
      </SOURCES>
      <excluded>
        <root url="file://$USER_HOME$/.rbenv/versions/2.5.5/lib/ruby/2.5.0/rdoc/rd" />
        <root url="file://$USER_HOME$/.rbenv/versions/2.5.5/lib/ruby/2.5.0/rdoc/ri" />
        <root url="file://$USER_HOME$/.rbenv/versions/2.5.5/lib/ruby/2.5.0/rdoc/i18n" />
        <root url="file://$USER_HOME$/.rbenv/versions/2.5.5/lib/ruby/2.5.0/rdoc/stats" />
        <root url="file://$USER_HOME$/.rbenv/versions/2.5.5/lib/ruby/2.5.0/rdoc/markup" />
        <root url="file://$USER_HOME$/.rbenv/versions/2.5.5/lib/ruby/2.5.0/rdoc/parser" />
        <root url="file://$USER_HOME$/.rbenv/versions/2.5.5/lib/ruby/2.5.0/rdoc/context" />
        <root url="file://$USER_HOME$/.rbenv/versions/2.5.5/lib/ruby/2.5.0/rdoc/markdown" />
        <root url="file://$USER_HOME$/.rbenv/versions/2.5.5/lib/ruby/2.5.0/rdoc/generator" />
      </excluded>
    </library>
    <library name="test-unit (v3.2.7, rbenv: 2.5.5) [gem]" type="rubylib">
      <properties>
        <option name="version" value="4" />
      </properties>
      <CLASSES>
        <root url="file://$USER_HOME$/.rbenv/versions/2.5.5/lib/ruby/gems/2.5.0/gems/test-unit-3.2.7/doc" />
        <root url="file://$USER_HOME$/.rbenv/versions/2.5.5/lib/ruby/gems/2.5.0/gems/test-unit-3.2.7/lib" />
        <root url="file://$USER_HOME$/.rbenv/versions/2.5.5/lib/ruby/gems/2.5.0/gems/test-unit-3.2.7/test" />
        <root url="file://$USER_HOME$/.rbenv/versions/2.5.5/lib/ruby/gems/2.5.0/gems/test-unit-3.2.7/sample" />
      </CLASSES>
      <SOURCES>
        <root url="file://$USER_HOME$/.rbenv/versions/2.5.5/lib/ruby/gems/2.5.0/gems/test-unit-3.2.7/doc" />
        <root url="file://$USER_HOME$/.rbenv/versions/2.5.5/lib/ruby/gems/2.5.0/gems/test-unit-3.2.7/lib" />
        <root url="file://$USER_HOME$/.rbenv/versions/2.5.5/lib/ruby/gems/2.5.0/gems/test-unit-3.2.7/test" />
        <root url="file://$USER_HOME$/.rbenv/versions/2.5.5/lib/ruby/gems/2.5.0/gems/test-unit-3.2.7/sample" />
      </SOURCES>
      <excluded>
        <root url="file://$USER_HOME$/.rbenv/versions/2.5.5/lib/ruby/gems/2.5.0/gems/test-unit-3.2.7/doc" />
        <root url="file://$USER_HOME$/.rbenv/versions/2.5.5/lib/ruby/gems/2.5.0/gems/test-unit-3.2.7/test" />
        <root url="file://$USER_HOME$/.rbenv/versions/2.5.5/lib/ruby/gems/2.5.0/gems/test-unit-3.2.7/sample" />
      </excluded>
    </library>
    <library name="webrick (v1.4.2, rbenv: 2.5.5) [gem]" type="rubylib">
      <properties>
        <option name="version" value="4" />
      </properties>
      <CLASSES>
        <root url="file://$USER_HOME$/.rbenv/versions/2.5.5/lib/ruby/2.5.0/webrick/httpauth" />
        <root url="file://$USER_HOME$/.rbenv/versions/2.5.5/lib/ruby/2.5.0/webrick/httpservlet" />
      </CLASSES>
      <SOURCES>
        <root url="file://$USER_HOME$/.rbenv/versions/2.5.5/lib/ruby/2.5.0/webrick/httpauth" />
        <root url="file://$USER_HOME$/.rbenv/versions/2.5.5/lib/ruby/2.5.0/webrick/httpservlet" />
      </SOURCES>
      <excluded>
        <root url="file://$USER_HOME$/.rbenv/versions/2.5.5/lib/ruby/2.5.0/webrick/httpauth" />
        <root url="file://$USER_HOME$/.rbenv/versions/2.5.5/lib/ruby/2.5.0/webrick/httpservlet" />
      </excluded>
    </library>
    <library name="xmlrpc (v0.3.0, rbenv: 2.5.5) [gem]" type="rubylib">
      <properties>
        <option name="version" value="4" />
      </properties>
      <CLASSES>
        <root url="file://$USER_HOME$/.rbenv/versions/2.5.5/lib/ruby/gems/2.5.0/gems/xmlrpc-0.3.0/bin" />
        <root url="file://$USER_HOME$/.rbenv/versions/2.5.5/lib/ruby/gems/2.5.0/gems/xmlrpc-0.3.0/lib" />
      </CLASSES>
      <SOURCES>
        <root url="file://$USER_HOME$/.rbenv/versions/2.5.5/lib/ruby/gems/2.5.0/gems/xmlrpc-0.3.0/bin" />
        <root url="file://$USER_HOME$/.rbenv/versions/2.5.5/lib/ruby/gems/2.5.0/gems/xmlrpc-0.3.0/lib" />
      </SOURCES>
      <excluded>
        <root url="file://$USER_HOME$/.rbenv/versions/2.5.5/lib/ruby/gems/2.5.0/gems/xmlrpc-0.3.0/bin" />
      </excluded>
    </library>
  </component>
</application>