<application>
  <component name="FileTypeManager" version="17">
    <extensionMap>
      <mapping pattern="deploy" type="PLAIN_TEXT" />
      <mapping pattern="DevGems" type="PLAIN_TEXT" />
      <mapping pattern=".dockerignore" type="PLAIN_TEXT" />
      <mapping pattern=".gitkeep" type="PLAIN_TEXT" />
      <mapping pattern="bundler_config" type="PLAIN_TEXT" />
      <mapping pattern="sidekiq_polling" type="PLAIN_TEXT" />
      <mapping pattern="tmp" type="PLAIN_TEXT" />
      <mapping ext="options" type="PLAIN_TEXT" />
      <mapping ext="j2" type="PLAIN_TEXT" />
      <removed_mapping ext="cmd" approved="true" type="PLAIN_TEXT" />
      <removed_mapping ext="bat" approved="true" type="PLAIN_TEXT" />
      <removed_mapping ext="log" approved="true" type="PLAIN_TEXT" />
      <mapping ext="etl" type="Ruby" />
      <mapping ext="decorator" type="Ruby" />
      <removed_mapping pattern="Jenkinsfile" approved="true" type="PLAIN_TEXT" />
      <removed_mapping ext="bat" approved="true" type="PLAIN_TEXT" />
      <removed_mapping ext="log" approved="true" type="PLAIN_TEXT" />
      <removed_mapping ext="dockerfile" approved="true" type="textmate" />
      <removed_mapping ext="makefile" approved="true" type="textmate" />
      <removed_mapping ext="conf" approved="true" type="PLAIN_TEXT" />
      <removed_mapping ext="cmd" approved="true" type="PLAIN_TEXT" />
      <removed_mapping ext="snakefile" approved="true" type="textmate" />
      <removed_mapping pattern="*.yml.j2" approved="true" type="YAML" />
    </extensionMap>
  </component>
</application>