<application>
  <component name="FindSettings">
    <option name="customScope" value="All Places" />
    <option name="defaultScopeName" value="All Places" />
    <option name="showResultsInSeparateView" value="true" />
    <option name="SHOW_RESULTS_IN_SEPARATE_VIEW" value="true" />
    <option name="SEARCH_SCOPE" value="All Places" />
    <mask>*.properties</mask>
    <mask>*.html</mask>
    <mask>*.jsp</mask>
    <mask>*.xml</mask>
    <mask>*.java</mask>
    <mask>*.as</mask>
    <mask>*.css</mask>
    <mask>*.mxml</mask>
    <mask>*haml</mask>
    <mask>*.scss</mask>
    <mask>*.haml</mask>
    <mask>*.erb</mask>
    <mask>*.sh</mask>
    <mask>*.yml</mask>
    <mask>*.j2</mask>
    <mask>*helper.rb</mask>
    <mask>Gemfile</mask>
    <mask>*.js</mask>
    <mask>*form*</mask>
    <mask>docker-compose*</mask>
    <mask>*worker.rb</mask>
    <mask>*.yml.j2</mask>
    <mask>*amp*</mask>
    <mask>*route*</mask>
    <mask>*.rb</mask>
    <mask>*.jsx</mask>
    <mask>*.ex</mask>
  </component>
</application>